-- phpMyAdmin SQL Dump
-- version phpStudy 2014
-- http://www.phpmyadmin.net
--
-- 主机: localhost
-- 生成日期: 2019 年 05 月 20 日 01:31
-- 服务器版本: 5.5.53
-- PHP 版本: 5.4.45

SET SQL_MODE="NO_AUTO_VALUE_ON_ZERO";
SET time_zone = "+00:00";


/*!40101 SET @OLD_CHARACTER_SET_CLIENT=@@CHARACTER_SET_CLIENT */;
/*!40101 SET @OLD_CHARACTER_SET_RESULTS=@@CHARACTER_SET_RESULTS */;
/*!40101 SET @OLD_COLLATION_CONNECTION=@@COLLATION_CONNECTION */;
/*!40101 SET NAMES utf8 */;

--
-- 数据库: `dormitory`
--

-- --------------------------------------------------------

--
-- 表的结构 `dorm`
--

CREATE TABLE IF NOT EXISTS `dorm` (
  `id` int(5) NOT NULL AUTO_INCREMENT COMMENT '主键',
  `house` varchar(3) NOT NULL COMMENT '哪一栋楼；1-10',
  `build` varchar(5) NOT NULL COMMENT '哪一座；ABC',
  `number` varchar(10) NOT NULL COMMENT '门牌号',
  `attribute` varchar(5) NOT NULL COMMENT '男女宿舍',
  `quantity` int(2) NOT NULL DEFAULT '0' COMMENT '宿舍当前人数',
  `status` int(2) NOT NULL DEFAULT '1' COMMENT '宿舍状态，可住为1；不可住为0',
  PRIMARY KEY (`id`)
) ENGINE=MyISAM  DEFAULT CHARSET=gbk COMMENT='宿舍信息表' AUTO_INCREMENT=113 ;

--
-- 转存表中的数据 `dorm`
--

INSERT INTO `dorm` (`id`, `house`, `build`, `number`, `attribute`, `quantity`, `status`) VALUES
(107, '01', 'A', '102', '男', 6, 1),
(110, '01', 'A', '104', '男', 6, 1),
(71, '01', 'A', '101', '男', 3, 1),
(111, '01', 'A', '105', '男', 6, 1),
(75, '07', 'B', '305', '男', 1, 1),
(76, '02', 'B', '321', '女', 1, 1),
(77, '03', 'B', '405', '女', 1, 1),
(78, '08', 'C', '302', '男', 1, 1),
(112, '01', 'A', '106', '男', 3, 1),
(85, '03', 'A', '101', '男', 1, 1),
(108, '07', 'A', '101', '女', 3, 1),
(109, '01', 'A', '103', '男', 6, 1),
(101, '05', 'A', '209', '男', 1, 1);

-- --------------------------------------------------------

--
-- 表的结构 `student`
--

CREATE TABLE IF NOT EXISTS `student` (
  `id` int(11) NOT NULL AUTO_INCREMENT COMMENT '主键',
  `sid` int(11) NOT NULL COMMENT '学生ID',
  `dormID` int(5) DEFAULT NULL COMMENT '学生入驻宿舍的ID',
  `sname` varchar(10) NOT NULL,
  `ssex` varchar(5) NOT NULL,
  `sbirthday` date NOT NULL,
  `smajor` varchar(30) NOT NULL,
  `scollege` varchar(20) NOT NULL,
  `sentranceT` int(5) NOT NULL DEFAULT '2019' COMMENT '入学时间',
  `stelephone` varchar(15) NOT NULL,
  `img` varchar(20) NOT NULL DEFAULT '001.jpg' COMMENT '照片路径',
  `status` int(2) NOT NULL DEFAULT '1' COMMENT '默认为1，代表住宿中；2代表已离开宿舍',
  PRIMARY KEY (`id`)
) ENGINE=MyISAM  DEFAULT CHARSET=gbk COMMENT='学生表' AUTO_INCREMENT=122 ;

--
-- 转存表中的数据 `student`
--

INSERT INTO `student` (`id`, `sid`, `dormID`, `sname`, `ssex`, `sbirthday`, `smajor`, `scollege`, `sentranceT`, `stelephone`, `img`, `status`) VALUES
(110, 161007106, 110, '谷六', '男', '2019-05-01', '网络工程', '计算机学院', 2013, '15639048113', '001.jpg', 2),
(107, 161007102, 109, '谷二', '男', '2019-05-01', '网络工程', '计算机学院', 2012, '15639048113', '001.jpg', 2),
(108, 161007103, 110, '谷三', '男', '2019-05-08', '网络工程', '计算机学院', 2012, '15639048113', '001.jpg', 2),
(109, 161007105, 110, '梁五', '男', '2019-05-07', '网络工程', '计算机学院', 2015, '15639048113', '001.jpg', 2),
(106, 161007101, 110, '谷一', '男', '2019-05-01', '网络工程', '计算机学院', 2016, '15639048113', '001.jpg', 2),
(73, 161007303, 75, '谷三', '男', '2019-04-28', '审计', '商学院', 2015, '15639048113', '001.jpg', 2),
(76, 161007307, 78, '谷七', '男', '2019-05-01', '网络工程', '计算机学院', 2016, '15639048113', '001.jpg', 2),
(75, 161007306, 77, '谷六', '女', '2013-05-01', '计算机科学与技术', '智能工程学院', 2015, '15639048113', '001.jpg', 2),
(74, 161007304, 76, '谷四', '女', '2019-04-29', '软件工程', '计算机学院', 2015, '15639048113', '001.jpg', 2),
(79, 16100, 71, '何一', '男', '2019-05-02', '网络工程', '计算机学院', 2017, '15639048113', '001.jpg', 2),
(80, 161007309, 71, '谷九', '男', '2019-05-01', '网络工程', '计算机学院', 2016, '15639048113', '001.jpg', 2),
(85, 161007313, 71, '谷十三', '男', '2019-05-08', '网络工程', '计算机学院', 2012, '15639048113', '001.jpg', 2),
(90, 161007317, 85, '谷十七', '男', '2019-05-16', '网络', '计算机', 2017, '15639048113', '001.jpg', 1),
(91, 161007318, 101, '谷一八', '男', '2019-04-30', '网络工程', '计算机学院', 2019, '15639048113', '001.jpg', 1),
(92, 16100732, 107, '谷二二', '男', '2019-04-29', '网络工程', '计算机学院', 2015, '15639048113', '001.jpg', 1),
(93, 161007201, 107, '梁一', '男', '2019-05-01', '软件工程', '计算机学院', 2015, '15639048113', '001.jpg', 1),
(94, 161007202, 107, '梁二', '男', '2019-05-06', '软件工程', '计算机学院', 2013, '15639048113', '001.jpg', 1),
(95, 161007203, 107, '梁三', '男', '2019-05-06', '软件工程', '智能工程学院', 2012, '15639048113', '001.jpg', 1),
(96, 161007204, 107, '梁四', '男', '2019-05-08', '网络工程', '智能工程学院', 2015, '15639048113', '001.jpg', 1),
(97, 161007205, 107, '梁五', '男', '2019-05-01', '软件工程', '智能工程学院', 2013, '15639048113', '001.jpg', 1),
(98, 161007206, 108, '梁六', '女', '2019-05-08', '软件工程', '计算机学院', 2015, '15639048113', '001.jpg', 1),
(99, 161007207, 108, '梁七', '女', '2019-05-08', '软件工程', '计算机学院', 2015, '15639048113', '001.jpg', 1),
(100, 161007208, 108, '梁八', '女', '2019-05-01', '网络工程', '智能工程学院', 2016, '15639048113', '001.jpg', 1),
(101, 161007209, 109, '梁九', '男', '2019-05-09', '网络工程', '计算机学院', 2016, '15639048113', '001.jpg', 1),
(102, 16107210, 109, '梁十', '男', '2019-05-06', '网络工程', '计算机学院', 2015, '15639048113', '001.jpg', 1),
(103, 161007211, 109, '梁十一', '男', '2019-05-07', '网络工程', '计算机学院', 2012, '15639048113', '001.jpg', 1),
(104, 161007212, 109, '梁十二', '男', '2019-05-01', '网络工程', '计算机学院', 2012, '15639048113', '001.jpg', 1),
(105, 161007213, 109, '梁十三', '男', '2019-05-01', '网络工程·', '计算机学院', 2012, '15639048113', '001.jpg', 1),
(111, 161007107, 110, '谷七', '男', '2019-05-07', '网络工程', '计算机学院', 2015, '15639048113', '001.jpg', 1),
(112, 161007308, 110, '谷八', '男', '2019-05-01', '网络工程', '计算机学院', 2013, '15639048113', '001.jpg', 1),
(113, 161007108, 111, '谷八', '男', '2019-05-01', '网络工程', '计算机学院', 2012, '15639048113', '001.jpg', 1),
(114, 161007109, 111, '谷九', '男', '2019-05-07', '网络工程', '计算机学院', 2012, '15639048113', '001.jpg', 1),
(115, 161007110, 111, '谷十', '男', '2019-05-02', '网络工程', '计算机学院', 2015, '15639048113', '001.jpg', 2),
(116, 161007111, 111, '谷十一', '男', '2019-05-18', '网络工程', '计算机学院', 2016, '15639048113', '001.jpg', 2),
(117, 161007112, 111, '谷十二', '男', '2019-04-30', '网络工程', '计算机学院', 2018, '15639048113', '001.jpg', 2),
(118, 161007113, 111, '谷十三', '男', '2019-05-07', '网络工程', '计算机学院', 2013, '15639048113', '001.jpg', 2),
(119, 160017301, 112, '谷一', '男', '2019-05-16', '网络工程', '计算机学院', 2015, '15639048113', '001.jpg', 1),
(120, 160107102, 112, '谷二', '男', '2019-05-08', '网络工程', '计算机学院', 2012, '15639048113', '001.jpg', 1),
(121, 100107303, 112, '谷三', '男', '2019-05-07', '网络工程', '计算机学院', 2015, '15639048113', '001.jpg', 1);

-- --------------------------------------------------------

--
-- 表的结构 `user`
--

CREATE TABLE IF NOT EXISTS `user` (
  `id` int(11) NOT NULL AUTO_INCREMENT COMMENT '主键',
  `username` varchar(10) NOT NULL COMMENT '账户昵称',
  `password` varchar(15) NOT NULL COMMENT '密码',
  `email` varchar(20) NOT NULL COMMENT '邮箱地址',
  `realname` varchar(10) NOT NULL DEFAULT 'admin' COMMENT '管理员真实姓名',
  PRIMARY KEY (`id`)
) ENGINE=MyISAM  DEFAULT CHARSET=gbk COMMENT='管理员信息表' AUTO_INCREMENT=20 ;

--
-- 转存表中的数据 `user`
--

INSERT INTO `user` (`id`, `username`, `password`, `email`, `realname`) VALUES
(19, 'gzf', '123456', '1226164732@qq.com', 'admin'),
(16, 'root', 'root', '1226164732@qq.com', 'admin'),
(14, 'admin', '123456', '1226164732@qq.com', 'admin');

/*!40101 SET CHARACTER_SET_CLIENT=@OLD_CHARACTER_SET_CLIENT */;
/*!40101 SET CHARACTER_SET_RESULTS=@OLD_CHARACTER_SET_RESULTS */;
/*!40101 SET COLLATION_CONNECTION=@OLD_COLLATION_CONNECTION */;
